Taxi_dist,Market_dist,Hospital_dist,Carpet_area,Builtup_area,Parking_type,City_type,Rainfall,Price_house
9796,5250,10703,1659,1961,Open,CAT B,530,6649000
8294,8186,12694,1461,1752,Not Provided,CAT B,210,3982000
11001,14399,16991,1340,1609,Not Provided,CAT A,720,5401000
8301,11188,12289,1451,1748,Covered,CAT B,620,5373000
10510,12629,13921,1770,2111,Not Provided,CAT B,450,4662000
6665,5142,9972,1442,1733,Open,CAT B,760,4526000
13153,11869,17811,1542,1858,No Parking,CAT A,1030,7224000
5882,9948,13315,1261,1507,Open,CAT C,1020,3772000
7495,11589,13370,1090,1321,Not Provided,CAT B,680,4631000
8233,7067,11400,1030,1235,Open,CAT C,1130,4415000
4278,10646,8243,1187,1439,Covered,CAT A,1090,7128000
8066,11149,12936,1751,2098,No Parking,CAT B,720,5762000
7693,9130,14684,1746,2064,Open,CAT B,1050,6047000
5236,10853,13054,1615,1931,Covered,CAT B,1160,5913000
6027,6707,10176,1469,1756,Open,CAT B,770,6636000
9648,14789,12812,1644,1950,Covered,CAT A,790,7887000
11079,13102,13076,1578,1907,Open,CAT A,1440,7725000
6698,11519,13441,1703,2045,Covered,CAT B,670,3817000
9609,9066,13304,1438,1731,Open,CAT A,1030,6354000
6209,7839,10660,1837,,Open,CAT B,790,4922000
8155,8085,9837,1940,2340,Covered,CAT C,980,4019000
9669,12385,13589,1421,1700,No Parking,CAT C,370,4346000
11613,11675,15476,1458,1746,Open,CAT A,690,6889000
10664,14161,15076,1719,2065,Covered,CAT B,950,5278000
7309,7468,11460,1449,1752,Not Provided,CAT B,620,5068000
7103,9832,10943,1234,1488,No Parking,CAT B,840,4188000
6615,8178,12804,1732,2073,Not Provided,CAT C,820,7005000
10870,12040,15221,1475,1777,Open,CAT C,1100,2582000
7186,8400,11151,1226,,Open,CAT C,760,4766000
11735,10687,16954,1390,1648,No Parking,CAT B,980,6053000
13441,13852,17989,1642,1943,No Parking,CAT B,710,7810000
8876,13372,15845,1715,2071,Open,CAT B,650,8486000
4066,9318,10159,1439,1746,Open,CAT A,990,8014000
8248,8464,11292,1250,1508,Open,CAT C,990,1492000
9904,11866,14566,1331,1608,Open,CAT B,880,6046000
6526,7876,11215,1784,2163,Covered,CAT B,620,7456000
6166,9680,12079,1375,1648,Not Provided,CAT A,1020,7243000
5064,10573,9796,1871,2230,Covered,CAT B,700,4546000
6712,10341,15629,1442,1744,Not Provided,CAT C,610,4157000
8317,13286,12785,1174,1411,Covered,CAT A,1080,6287000
7796,17101,16192,1839,2204,No Parking,CAT B,1010,5517000
9171,8368,12566,1270,1516,Not Provided,CAT B,0,4548000
8525,11543,13589,1209,,Open,CAT A,1200,6041000
9357,11584,14219,1435,1725,Open,CAT C,1250,4955000
8101,11176,13502,965,1152,Not Provided,CAT C,600,4814000
8794,12199,14275,1665,2001,No Parking,CAT A,730,6764000
6017,14147,12642,1780,2117,Open,CAT C,780,3973000
11265,12999,14621,1009,1194,Not Provided,CAT C,520,3580000
6407,10134,13433,1227,1471,No Parking,CAT A,870,4927000
,,10643,1565,1885,Not Provided,CAT A,660,6707000
7193,10163,10715,1769,2087,No Parking,CAT B,690,6651000
9723,11620,13693,1660,1982,Open,CAT B,910,6253000
11363,14001,17453,1472,1776,Open,CAT B,1260,5998000
13157,11247,16385,1408,1688,Not Provided,CAT A,1040,7635000
11657,12184,16450,1514,1820,Covered,CAT B,910,8182000
10269,7505,13552,1565,1880,Covered,CAT B,1300,5783000
9480,15910,16887,1074,1288,Not Provided,CAT B,320,7045000
10451,11465,16488,1864,2240,No Parking,CAT B,530,6700000
7331,11247,10787,1570,1898,No Parking,CAT B,980,6409000
8458,13941,15721,1417,1701,Open,CAT B,740,4867000
9620,15033,14775,1734,2060,Not Provided,CAT B,1240,6621000
10566,10728,16951,1470,1763,Covered,CAT B,1080,8366000
5568,11538,14767,1761,2104,Not Provided,CAT A,1080,7077000
8210,9740,12485,1756,2070,Open,CAT C,460,5387000
4533,6617,10052,1704,2045,No Parking,CAT A,300,7130000
7471,9029,14080,,1614,Covered,CAT A,870,7669000
6239,7326,9085,2011,2391,Not Provided,CAT C,530,4610000
10504,9938,13747,1472,1748,Open,CAT B,600,4910000
12715,10229,15329,1310,1561,Not Provided,CAT B,860,6592000
9472,9686,13464,1544,1821,Covered,CAT B,590,5866000
4195,9050,7517,1707,2052,Open,CAT B,920,6913000
5858,8114,11026,1881,2262,No Parking,CAT C,570,4908000
9849,8773,15371,1416,1681,Not Provided,CAT A,290,7271000
7983,6338,11916,1631,1941,Open,CAT B,650,3343000
5174,9293,10704,1318,1576,Covered,CAT C,710,4243000
7629,8786,12052,1692,2019,Open,CAT B,850,5665000
8841,11909,11625,1152,1380,Not Provided,CAT B,530,3358000
9327,9867,14244,891,1073,Not Provided,CAT A,630,6737000
6637,10365,9537,1468,1749,Not Provided,CAT A,700,7178000
4589,12404,12558,1539,1833,Not Provided,CAT A,650,8484000
9604,13622,15501,1635,1956,Covered,CAT A,720,8207000
8868,12356,13209,1267,1520,Not Provided,CAT B,450,2677000
11676,14735,15825,1250,1475,Open,CAT B,1390,6556000
11703,12778,16910,1598,,Covered,CAT A,530,8116000
5909,10455,13125,1720,2044,Open,CAT B,960,3866000
9674,12676,14459,1462,1761,Not Provided,CAT A,600,6566000
4997,9411,11468,1431,1711,No Parking,CAT C,620,4070000
9371,12701,16615,1539,1858,Not Provided,CAT A,1020,8891000
14306,12591,18029,1441,1723,Open,CAT B,330,5786000
6591,14567,13985,1572,1884,No Parking,CAT C,1410,4267000
7566,9599,16454,1287,1525,Not Provided,CAT A,1200,9018000
8463,8825,7307,1468,1760,Not Provided,CAT C,280,5128000
1200,7579,7376,1931,2342,Covered,CAT A,940,9726000
6871,10557,12097,1252,1506,Open,CAT B,850,3965000
6956,9048,11991,1238,1468,Open,CAT C,960,4572000
6541,7537,11474,1694,,Covered,CAT B,560,4830000
2222,10106,8858,1479,1758,Covered,CAT C,420,4206000
6194,8473,11978,1590,1912,Open,CAT B,830,6535000
7025,10344,11682,2169,2617,Open,CAT B,600,6708000
9233,12290,14032,1838,2205,Covered,CAT B,400,5403000
7185,13170,13904,1385,1655,Open,CAT A,760,5636000
7021,12206,14664,1921,2305,Covered,CAT A,1470,7712000
7970,9719,9695,1975,2385,Not Provided,CAT B,500,5081000
10381,15076,16590,1853,2235,Not Provided,CAT B,1120,6096000
5725,16967,11221,1816,2171,Open,CAT A,1160,6118000
13866,13472,15427,1785,2147,Open,CAT C,820,6366000
6353,15169,13058,1579,1899,No Parking,CAT B,1140,4119000
7944,7275,10843,1096,1321,Open,CAT A,900,7842000
6445,9455,10950,1919,2294,Not Provided,CAT A,760,6558000
4446,9575,9133,1262,1500,Not Provided,CAT A,1170,8908000
5320,9845,9590,1374,1655,Covered,CAT A,1080,9417000
10103,11932,16948,1309,1587,Not Provided,CAT B,1000,5095000
11517,11278,14656,1207,1434,Not Provided,CAT A,690,6518000
7388,15701,14982,1692,2031,Open,CAT A,810,6931000
11475,14768,15998,1929,2311,Open,CAT B,630,7921000
10148,10679,11618,1573,1878,Not Provided,CAT C,650,2374000
6255,11047,10332,1415,1700,Covered,CAT B,920,3633000
7018,7981,13748,1162,1382,Open,CAT C,1260,5170000
9588,10711,13963,1485,1787,Open,CAT B,800,6295000
8276,11728,11932,1897,2248,Not Provided,CAT A,1330,5601000
7739,12930,12703,1607,1927,No Parking,CAT B,940,4508000
10106,13805,16769,1909,2287,Not Provided,CAT B,1210,4683000
8510,10891,13380,1274,1503,Open,CAT A,660,6475000
5553,13174,11586,1157,1379,Not Provided,CAT A,770,8078000
7522,11974,11433,1712,2046,Not Provided,CAT C,460,3118000
8702,13088,14238,1500,1798,No Parking,CAT C,860,5671000
6777,9885,11064,1682,2017,Open,CAT B,780,4939000
7944,14333,12801,1441,1727,Not Provided,CAT A,890,6600000
1637,7315,7685,1525,1835,Covered,CAT C,900,3277000
5237,9949,9116,1408,1669,Not Provided,CAT B,530,4658000
6567,14955,13427,1947,2333,Open,CAT A,790,7978000
7293,6919,11618,1164,1390,Not Provided,CAT C,370,3551000
4415,9440,10672,1787,2137,Covered,CAT A,610,8097000
6873,7786,9520,1871,2241,Open,CAT B,500,6115000
6139,9882,10482,1718,2051,Open,CAT B,750,4921000
10772,9004,13291,1365,1636,Not Provided,CAT A,980,7995000
4233,10090,11422,1368,1654,No Parking,CAT A,530,6874000
7238,13882,13825,1342,1595,Open,CAT B,910,5748000
7066,15366,15721,1076,1270,Open,CAT A,620,7263000
8353,12447,12931,1396,1672,No Parking,CAT B,1170,5007000
11621,14446,14609,1713,2071,Open,CAT B,900,4049000
10831,15438,16525,1370,1638,Open,CAT B,980,5185000
7650,5591,10198,1667,1993,No Parking,CAT C,740,4284000
8464,14185,15235,1638,1972,Not Provided,CAT B,810,6094000
6502,9917,10173,1581,1905,Open,CAT B,810,6228000
4945,10098,9241,1795,2187,Open,CAT A,300,7653000
5123,8950,8719,1179,1412,Covered,CAT A,790,8513000
7540,7861,10544,1978,2374,Open,CAT B,800,4859000
3529,13267,9687,1688,2042,No Parking,CAT A,760,7308000
7597,10595,9399,1214,1456,Not Provided,CAT B,530,4895000
4198,8105,7609,1504,1805,Open,CAT C,540,4856000
9257,12705,15491,1498,1770,Not Provided,CAT B,620,5938000
7611,8008,11018,1462,1762,Open,CAT C,1010,5119000
9334,12267,14658,1442,1750,Not Provided,CAT B,130,5892000
3761,8492,8590,1250,1486,Open,CAT B,730,5036000
7738,9475,14329,1229,1480,Open,CAT C,830,3807000
5964,10763,12082,1936,2300,Covered,CAT C,1060,4917000
7032,11598,12267,1369,1629,Open,CAT C,770,3974000
3761,7646,7251,1514,,No Parking,CAT C,440,5485000
10868,12273,14157,1662,1986,Open,CAT B,70,6373000
,,13083,1544,1847,Open,CAT B,750,6479000
10100,11816,14994,1548,1855,Open,CAT A,670,8533000
10967,12140,14999,1649,1963,Not Provided,CAT C,490,2741000
11678,14658,14417,1393,1663,Open,CAT C,670,3732000
3644,10324,10264,1450,1734,Not Provided,CAT A,380,7112000
5595,13050,12267,1613,1921,Covered,CAT A,1200,7280000
10043,12339,14476,1408,1696,No Parking,CAT C,350,3441000
3050,11554,8995,775,932,Open,CAT C,1090,4253000
9487,10781,15148,1275,1534,Covered,CAT A,1230,5430000
9674,12730,15159,1740,2078,Open,CAT B,680,5078000
6373,8175,9701,1372,1657,Open,CAT B,580,4502000
6326,11417,9620,1414,1723,Covered,CAT A,680,6960000
3328,6678,9320,2044,2474,Open,CAT B,340,8034000
8509,10793,11170,1823,2176,Not Provided,CAT B,700,3781000
9963,10658,14014,955,1133,Not Provided,CAT C,580,4614000
5754,6031,9745,1465,1763,Not Provided,CAT A,680,9957000
10039,8836,15253,1331,1606,Open,CAT C,630,3865000
8738,12259,15087,1232,1487,Not Provided,CAT C,860,4980000
5736,11309,14316,1481,1765,No Parking,CAT A,490,6991000
4692,5460,7531,1343,1599,Open,CAT B,870,4491000
8391,12763,15332,1539,1837,Covered,CAT A,990,7847000
9770,11006,16758,1007,1207,No Parking,CAT B,670,4746000
7371,9749,13443,1762,2145,Open,CAT C,490,3346000
10662,10945,13294,1527,1832,Not Provided,CAT C,580,4409000
5654,10609,9842,1356,1619,Covered,CAT C,700,4262000
13166,11814,18307,1536,1848,No Parking,CAT B,670,6945000
9255,11812,14629,1605,1902,Not Provided,CAT B,390,7312000
4917,7195,9468,1704,2032,Covered,CAT C,590,4830000
7557,9831,13403,1626,1941,Not Provided,CAT A,1350,5809000
6424,13011,11082,1612,1939,Not Provided,CAT A,840,7425000
4933,12836,12107,1174,1396,Covered,CAT B,1100,4093000
7713,12150,13475,1923,2339,Open,CAT A,950,7093000
9247,8857,14642,1702,2053,Open,CAT A,950,6467000
15522,13528,20076,1398,1692,No Parking,CAT A,650,7742000
8691,10901,12693,1437,1717,Open,CAT B,230,3233000
10813,12852,16833,1524,1796,Open,CAT C,1060,4108000
8509,12981,13230,1902,,Open,CAT A,590,10112000
10296,11300,10885,1660,1985,Covered,CAT C,1180,4286000
9834,14431,16375,1302,1569,Open,CAT C,710,6845000
8704,13572,12349,1666,2000,Open,CAT C,480,3973000
7863,11266,12375,1391,1649,Open,CAT A,810,8375000
10083,13322,15167,1778,2148,Open,CAT A,1140,6994000
11203,12227,16293,1462,1770,Open,CAT A,1070,6771000
12499,11966,17546,1751,2115,No Parking,CAT B,790,6736000
10890,13235,13935,1652,1982,Covered,CAT C,690,5246000
10502,12011,16938,1841,2215,Covered,CAT A,610,8876000
,,8735,1841,2230,No Parking,CAT A,920,7688000
13120,15147,20263,1496,1791,Not Provided,CAT A,1240,6703000
1868,9951,9760,1504,1827,Open,CAT A,840,7823000
8643,12365,13695,1524,1808,Not Provided,CAT B,460,6227000
8121,9372,10995,1148,1371,Open,CAT A,940,4976000
11100,10338,14201,1468,1744,No Parking,CAT A,590,7366000
6126,8116,14091,1310,1558,Not Provided,CAT A,890,7232000
10187,12921,13539,1321,1579,Covered,CAT B,770,6889000
4053,7724,8975,992,1192,Not Provided,CAT C,900,3418000
9932,8958,14087,1540,1857,Open,CAT C,1020,5826000
8385,12977,14868,1807,2149,Not Provided,CAT B,910,3812000
9236,12932,14681,1526,1853,Open,CAT C,660,4907000
11195,16650,18762,1406,1677,Open,CAT A,480,6166000
11749,11673,16036,1703,2055,No Parking,CAT C,1080,3783000
5159,12872,9786,1575,1872,Covered,CAT C,690,5227000
11291,8711,14479,1309,1572,Open,CAT C,510,5228000
5312,12616,12095,1488,1807,Open,CAT A,1030,7081000
12001,16298,15585,1658,1988,Not Provided,CAT B,370,7153000
9024,9404,13234,1863,2245,Open,CAT A,640,7726000
6209,10808,11285,1458,1725,Not Provided,CAT A,750,7555000
5770,12932,13163,1604,1909,Open,CAT C,370,3373000
6697,8730,11209,1575,1899,Open,CAT B,840,6627000
5899,7614,9374,1525,1829,Covered,CAT A,840,5582000
9939,14835,15351,1451,1737,Open,CAT A,890,6843000
12336,14878,17719,1390,1687,Open,CAT A,620,7399000
10238,9621,12102,1442,1742,Open,CAT A,310,6280000
10664,7432,14294,1620,1922,Covered,CAT B,550,3374000
13071,15127,17387,1251,1527,Open,CAT C,380,6383000
7826,13333,11983,1318,1606,Covered,CAT C,1200,2441000
10539,14728,14223,1647,1962,No Parking,CAT A,800,7002000
11355,11024,16005,1829,2175,No Parking,CAT A,870,9224000
8387,11281,14879,1852,2227,Covered,CAT C,1220,6823000
12631,12290,14599,1699,2053,Open,CAT A,1080,8187000
5366,11566,12466,1325,1595,Open,CAT A,540,7386000
6571,10429,11465,1350,1634,Open,CAT B,880,7712000
5485,8488,12234,1347,1628,Covered,CAT A,120,7235000
5181,9038,10100,1397,1661,Open,CAT B,1410,4916000
8085,11993,13463,1245,1499,Open,CAT B,570,4565000
10612,8229,15696,1366,1649,Not Provided,CAT B,940,5278000
10625,13922,16123,1378,1658,Not Provided,CAT A,760,9096000
2999,11347,8760,1767,2110,Not Provided,CAT A,1200,6495000
10631,8780,15335,1184,1434,Not Provided,CAT C,670,4723000
8323,10395,11206,1257,1505,No Parking,CAT A,950,8325000
3696,6455,7925,,1846,Not Provided,CAT A,640,7808000
5758,10148,13301,1863,2247,Open,CAT C,480,5195000
9707,8985,13875,1881,2244,Open,CAT B,920,6603000
13392,13930,18104,1329,1609,Not Provided,CAT B,1150,6859000
4906,10462,12246,1539,1848,Open,CAT B,750,4714000
10006,10003,14751,1557,1861,No Parking,CAT A,370,6994000
6583,6438,10118,2007,2397,Open,CAT C,610,6589000
10100,11800,14304,1185,1418,Not Provided,CAT B,1150,8931000
9573,13264,16608,1657,2003,Not Provided,CAT B,1070,5854000
8231,10056,14031,1294,1539,Not Provided,CAT A,790,7813000
10213,13975,15747,1296,1559,No Parking,CAT A,1070,9230000
10437,13268,14922,1733,2097,Open,CAT B,730,5617000
6382,6892,13197,1641,1976,Open,CAT B,620,4605000
5732,12634,12938,1373,1648,Not Provided,CAT B,530,4339000
5402,6653,10474,1550,1845,Covered,CAT A,700,6175000
7911,13003,12926,1583,1907,Open,CAT C,680,2183000
8784,12817,14448,1428,1719,Not Provided,CAT C,1060,3980000
5566,9162,10429,1604,1925,Covered,CAT B,670,5437000
8228,13686,13223,1439,1735,Not Provided,CAT A,400,6247000
10414,11359,12764,1648,2003,Open,CAT A,910,8293000
12974,13529,18046,1025,1231,No Parking,CAT B,760,6372000
8712,10134,13615,2001,2394,Not Provided,CAT B,540,7918000
4616,9983,10644,1145,1370,Covered,CAT B,350,3821000
8370,13716,13115,1174,1426,Open,CAT C,980,2595000
11875,9962,14066,913,1106,Open,CAT A,860,5661000
8895,10317,12353,1199,1433,Not Provided,CAT A,1020,7371000
7653,11521,14161,1875,2254,Open,CAT A,1120,7040000
13339,15821,18449,1153,1397,No Parking,CAT C,1020,5044000
4355,6857,6316,1240,1492,Not Provided,CAT B,940,6684000
5577,8399,11778,1381,1660,Open,CAT B,970,5017000
2480,12328,8774,1328,,Open,CAT B,490,5849000
11184,12656,14583,1701,2030,Covered,CAT C,830,6014000
12728,12131,16681,1206,1456,Open,CAT C,920,3713000
6297,11128,11198,1476,1777,No Parking,CAT C,660,4289000
7531,12145,13548,1189,1439,Not Provided,CAT B,780,2622000
9061,8496,14431,1837,2220,No Parking,CAT A,340,5084000
4637,8636,11431,1319,1571,No Parking,CAT C,1190,2563000
7573,9645,14012,1617,1901,Open,CAT B,490,6077000
6923,7928,12000,1631,1967,Open,CAT B,1090,6960000
7635,10625,12975,1517,1805,Covered,CAT C,1040,4174000
8117,13349,16226,1764,2109,Not Provided,CAT C,1210,5013000
8726,12035,10170,1572,1869,Open,CAT C,1030,2175000
10437,13667,12454,1855,2197,Open,CAT B,1170,8049000
7974,13932,12772,1327,1571,Not Provided,CAT B,730,3402000
8705,12027,14258,1270,1515,Open,CAT B,720,6024000
6573,11137,9470,1734,2073,Open,CAT B,500,3946000
11017,8028,14703,1533,1848,Covered,CAT B,1070,5644000
10517,9839,13059,1390,1646,Open,CAT B,800,4684000
5896,14047,13272,1856,2216,Open,CAT B,1020,6482000
8051,10492,11114,1000,1215,Open,CAT A,1070,5252000
7097,13252,13997,1313,1586,Covered,CAT C,420,4594000
4219,5927,7860,1494,1799,Open,CAT C,510,3897000
9908,12872,13554,1386,1674,No Parking,CAT B,1210,5861000
8913,7116,12276,1979,2364,Not Provided,CAT C,660,3081000
7964,17040,14582,1057,1264,Open,CAT B,360,4773000
4019,7091,8720,902,1093,Covered,CAT A,1210,6464000
9242,13331,13748,1644,2003,No Parking,CAT C,-110,3275000
8801,11775,12950,1347,1622,Open,CAT B,560,4486000
10720,13072,14860,1314,1576,Covered,CAT B,360,5566000
8556,11931,13511,1513,1803,Not Provided,CAT C,970,5753000
8933,14064,14874,1305,1548,Not Provided,CAT A,480,7520000
8100,9239,10996,1180,1436,No Parking,CAT B,690,3733000
9354,8578,10360,1142,1352,Not Provided,CAT C,710,3528000
10692,13202,16298,1471,1768,Not Provided,CAT A,780,7061000
12386,12834,13614,1075,1288,Not Provided,CAT C,630,4972000
8541,13767,13081,1578,1885,Covered,CAT A,220,6885000
8450,10286,13820,1585,1916,Covered,CAT C,1110,5074000
9803,14989,14259,1391,1648,Open,CAT A,720,7707000
11142,10953,14331,1577,1892,Open,CAT A,560,7473000
9851,13410,16916,1092,1314,Open,CAT A,600,7653000
6089,13147,10479,1375,1681,Open,CAT A,440,6890000
11240,9781,15232,1523,1813,Covered,CAT A,520,4496000
10349,10540,14593,1373,1654,Not Provided,CAT B,410,4149000
6237,11896,12512,1550,1871,Covered,CAT A,590,7432000
5516,9426,11457,1614,1946,Covered,CAT A,740,7380000
,,12906,1677,2022,Open,CAT B,730,5589000
8362,9041,13899,1566,1889,Covered,CAT B,610,5640000
4603,9103,10753,2019,2396,Covered,CAT A,540,7157000
4904,11562,12490,1494,1806,Open,CAT B,1450,4364000
9722,13414,13617,1659,2008,No Parking,CAT C,620,3512000
8884,6700,11772,1766,2131,Covered,CAT B,340,5867000
10457,16441,17743,1293,1554,Covered,CAT A,970,7580000
3114,7163,8477,1375,1659,Covered,CAT A,1080,7664000
9132,11092,13571,1236,1484,No Parking,CAT B,560,3189000
11416,11521,18432,1332,1586,No Parking,CAT C,630,6167000
7492,12257,11623,1513,1825,Covered,CAT A,980,7595000
9464,10762,13998,1208,1459,Open,CAT C,930,4149000
7960,15487,11348,1190,1429,Open,CAT B,470,6617000
4850,12848,11995,1448,1734,Open,CAT C,680,3798000
9308,18281,18532,1771,2147,Open,CAT C,430,6271000
5889,12646,10210,1365,1645,Not Provided,CAT A,830,6047000
5622,11612,11735,1510,1810,No Parking,CAT C,950,3523000
6509,11842,12569,1458,1736,Open,CAT B,870,4855000
13991,16736,17999,1808,2157,Not Provided,CAT C,730,5681000
8257,11489,12600,1615,1954,Open,CAT B,760,4108000
7259,11982,13297,1640,1948,Covered,CAT C,960,5127000
7197,7872,11113,1060,1273,Open,CAT B,860,5750000
9119,11639,14374,1633,1968,Open,CAT C,330,8147000
9375,9562,12062,1222,1473,Not Provided,CAT A,630,4957000
12946,11622,15214,1619,1957,Open,CAT B,1280,4558000
10948,11622,14879,1624,1973,No Parking,CAT C,1440,4466000
5790,14387,9654,1887,2278,Open,CAT A,570,7624000
9107,9300,17103,1320,1583,Not Provided,CAT B,540,4372000
11198,10781,16789,1450,1750,Open,CAT C,480,4670000
8278,16251,13857,1455,1764,Covered,CAT A,390,8469000
7364,7633,12153,966,1172,Not Provided,CAT A,900,8547000
8692,9271,12352,1922,2290,Open,CAT A,290,8041000
8256,16042,16071,1678,1999,Not Provided,CAT C,740,4665000
11986,17552,19014,1638,1952,Not Provided,CAT A,690,8184000
8395,12052,12398,2215,,Covered,CAT B,990,6424000
4604,5839,7428,1145,1375,Open,CAT A,950,6359000
20662,20945,23294,24300,12730,Covered,CAT B,1130,150000000
4846,6375,9920,2004,2390,Open,CAT B,930,5013000
15321,11916,16620,1954,2378,Covered,CAT C,810,4582000
7618,7083,10051,1577,1879,Covered,CAT A,760,8671000
9666,10668,16002,1766,2138,Open,CAT B,580,4998000
7318,9441,12192,1362,1634,Not Provided,CAT A,770,8294000
8927,10229,13380,1886,2228,Open,CAT C,1530,4035000
8197,14389,13108,1291,1546,Open,CAT A,420,9395000
6276,10973,13016,1584,1897,Not Provided,CAT C,1210,4731000
7338,8547,12034,1397,1686,No Parking,CAT B,850,2130000
9410,12397,15927,1445,1709,Open,CAT A,1340,6218000
7047,9529,14945,1433,1707,Not Provided,CAT B,1160,6146000
7788,10946,14208,1269,1511,Open,CAT C,500,5436000
7373,8907,11449,1798,2134,Covered,CAT A,820,7205000
9415,12467,12841,1514,1822,Covered,CAT C,670,4809000
6792,11510,14652,1015,1216,No Parking,CAT C,460,2731000
604,6231,4922,1495,1799,Open,CAT B,950,5716000
12898,12966,15635,1759,2095,Open,CAT C,980,3419000
6153,10234,10502,1219,1468,Covered,CAT B,850,3560000
7281,8521,13216,1571,1877,Open,CAT B,580,5467000
8475,14837,13124,1404,1670,Open,CAT A,620,7673000
8873,10762,14213,1636,,Open,CAT B,710,6721000
9913,12642,15044,1124,1369,No Parking,CAT B,650,6354000
6650,6080,10017,1514,1837,Open,CAT B,1130,3669000
10027,11992,15660,1207,1476,Open,CAT A,720,8737000
5558,8275,10846,1484,1774,No Parking,CAT A,940,5980000
5162,6611,9842,1398,1678,No Parking,CAT B,920,4803000
8283,14385,15540,1769,2112,Open,CAT A,660,9665000
6469,10114,11295,1111,1322,Not Provided,CAT A,610,6550000
7754,9915,9861,1078,1305,Covered,CAT A,1190,5553000
9689,10159,11554,1876,2254,No Parking,CAT C,1340,2165000
13015,15026,15586,1909,2306,Not Provided,CAT C,820,3194000
5944,7143,12384,1940,2343,Covered,CAT A,1130,8469000
3132,8369,8805,1391,1683,Open,CAT B,890,6839000
7508,10841,11927,1496,1774,Not Provided,CAT A,810,7549000
3772,6427,10119,1412,1699,Open,CAT B,680,3920000
12545,14209,16889,1121,1345,No Parking,CAT A,320,8567000
12012,8507,12364,1691,2026,Open,CAT C,700,6053000
11605,12579,16088,1599,1946,Open,CAT B,940,7809000
,,12418,1477,1778,Open,CAT B,460,5786000
9154,12441,14070,1208,1467,Not Provided,CAT B,910,5072000
9468,11604,13764,1454,1737,Not Provided,CAT C,870,2309000
8044,14513,15360,1555,1881,Covered,CAT A,1260,9136000
7317,7638,13712,1554,1852,Open,CAT B,440,4812000
6860,12712,12638,1491,1800,Not Provided,CAT A,980,7562000
7270,9499,11654,1415,1697,Open,CAT B,1200,3942000
6832,13517,9360,1487,1801,Open,CAT B,890,5113000
6830,12550,12612,1339,1589,Not Provided,CAT C,1050,3389000
7823,9200,13495,1320,1562,Covered,CAT A,610,8717000
8773,13547,15551,1509,1799,No Parking,CAT A,960,3860000
6947,9487,10385,1406,1680,Not Provided,CAT A,860,6098000
7083,7275,10474,1264,1502,Open,CAT A,800,7941000
10057,8292,13595,1905,2280,Open,CAT B,1060,8235000
7214,13739,13314,1209,1464,Covered,CAT C,600,3674000
7935,7911,10691,1546,1829,Not Provided,CAT B,380,2772000
5787,14151,14705,1689,2044,Open,CAT C,1140,3226000
9259,8471,12891,1153,1381,No Parking,CAT B,730,5327000
11445,5955,13648,2063,2493,Covered,CAT C,810,5148000
6650,8409,12131,1848,2254,Open,CAT B,1000,5997000
6858,12850,12287,1718,2056,Covered,CAT A,1220,8360000
11309,8252,13199,1480,1773,Covered,CAT B,360,6302000
5727,5902,10754,1439,1724,Not Provided,CAT A,900,5092000
9328,13093,12841,1576,1896,Not Provided,CAT B,750,5645000
4049,4402,8614,1948,2374,Open,CAT A,930,8954000
5440,12550,11734,1613,1893,Not Provided,CAT C,1180,4603000
11037,9154,12853,1151,,Open,CAT B,1300,6701000
12977,12302,16496,896,1059,Open,CAT A,870,7511000
11246,10333,13997,1625,1943,Not Provided,CAT A,680,7452000
16233,15074,18566,1303,1587,No Parking,CAT A,1310,10231000
6824,6352,8577,1340,1605,Not Provided,CAT B,1000,5340000
4127,8367,9533,1410,1704,Open,CAT B,1130,5976000
6214,14164,14555,1432,1719,Covered,CAT B,990,4954000
12322,10530,16409,1891,2280,Covered,CAT C,360,5156000
5389,10389,11111,1322,1583,Open,CAT A,720,4951000
5900,10980,12617,1378,1670,Covered,CAT C,950,5861000
11537,13214,17191,1462,1732,Not Provided,CAT A,840,6826000
12794,17541,20046,1440,1733,No Parking,CAT A,1120,6531000
9405,12156,15118,1421,1724,Covered,CAT A,920,5209000
5508,7881,10157,1280,1530,Open,CAT C,1240,4386000
13275,9872,15303,1431,1710,Covered,CAT A,840,7417000
9475,9807,14405,,1771,Covered,CAT B,950,3492000
7807,9674,12678,1161,1404,Covered,CAT C,430,5838000
8634,11628,12786,1175,1405,Open,CAT A,810,9120000
11031,12462,13010,1395,1662,Open,CAT A,920,9094000
6266,13767,12066,1443,1755,Not Provided,CAT C,880,4933000
5359,8372,11239,1247,1523,Open,CAT C,1350,5350000
9569,10441,12905,1788,2133,Open,CAT B,1000,5459000
6465,10915,10058,1138,1375,Not Provided,CAT B,1220,5745000
10068,10816,13429,1709,2042,Open,CAT C,430,3324000
5499,10606,10603,1777,2145,Covered,CAT A,520,8079000
8395,12601,13089,1612,1918,Covered,CAT B,580,6100000
9204,10843,14663,1618,1943,Open,CAT B,460,4762000
6885,7314,10673,1311,1571,No Parking,CAT B,470,7209000
5728,10253,11216,1365,1638,Covered,CAT A,680,10292000
6669,11500,11948,1249,1503,Open,CAT A,950,6197000
4846,9003,10135,1373,1635,No Parking,CAT A,840,6104000
8850,10060,11765,1536,1836,Not Provided,CAT B,990,5206000
12862,12087,17686,1744,2101,No Parking,CAT A,520,6957000
13925,14473,17746,1513,1820,Open,CAT B,520,6602000
11082,12407,14913,1297,1561,Not Provided,CAT B,1070,4000000
3971,7129,5913,1908,2304,Open,CAT A,990,7950000
7136,8734,9830,1721,2076,No Parking,CAT A,710,7630000
6736,13652,12823,1243,1491,Open,CAT A,430,6903000
10701,15780,15366,1472,1766,Open,CAT B,1290,5714000
9089,14320,13391,1307,1570,Not Provided,CAT B,1080,4171000
7753,8307,13508,1628,1959,Not Provided,CAT C,890,7148000
10162,10094,12564,1556,1869,Covered,CAT C,1000,3301000
9393,11121,12596,1179,1428,Open,CAT A,1290,7457000
10272,8355,13586,1768,2123,Not Provided,CAT B,860,4959000
7265,12325,12060,1378,1656,Open,CAT A,1010,7317000
7457,12005,13976,1685,2015,Open,CAT A,1160,7922000
6475,8198,9766,1474,1759,Open,CAT A,880,7588000
8032,7922,9846,1794,2137,No Parking,CAT B,670,6761000
10709,10849,17155,1086,1291,Covered,CAT A,930,6909000
4783,11103,9602,1808,2154,Open,CAT C,990,3522000
5381,5177,8992,1501,1790,Not Provided,CAT B,450,5394000
5258,9505,8580,1353,1598,No Parking,CAT B,690,5666000
8799,10559,14496,1455,1757,No Parking,CAT A,650,6752000
10063,10671,14466,1165,1411,Not Provided,CAT C,1020,3862000
,,11839,1516,1792,Not Provided,CAT B,790,4431000
11238,14329,15943,1332,1610,Open,CAT C,880,3889000
6284,11514,11302,1396,1668,Covered,CAT A,760,7927000
6855,11349,11719,1513,1821,Open,CAT C,690,4288000
9914,11558,16360,1618,1940,Covered,CAT C,630,4424000
7971,8165,12202,1845,2233,No Parking,CAT B,370,4319000
,,14676,1529,1820,No Parking,CAT B,800,6093000
5845,5999,10472,1172,1411,No Parking,CAT A,460,7455000
6589,10742,11179,,1810,Not Provided,CAT C,920,2070000
9881,12215,14248,1436,1737,Covered,CAT B,770,5709000
7132,9530,11594,1738,2065,No Parking,CAT B,750,5648000
6063,8269,10928,2229,2667,Covered,CAT A,660,8741000
11487,12958,17196,1490,1783,Open,CAT A,730,8137000
11888,15672,16427,1060,1279,Open,CAT A,670,9736000
3553,6062,7649,2015,2436,Covered,CAT B,680,7796000
9590,10173,13574,1611,1919,Covered,CAT A,960,7124000
11139,14537,17452,1187,1417,Open,CAT C,1230,5894000
12787,12142,15454,1430,1690,Open,CAT A,800,7895000
8193,12666,14844,1543,1840,Covered,CAT C,450,3638000
10452,10978,16079,1836,2195,Not Provided,CAT C,940,4516000
9337,9865,11171,1463,1764,Covered,CAT B,1060,6905000
7531,15408,14394,1213,1462,Covered,CAT B,560,5683000
8558,13467,15079,1244,1480,Open,CAT A,860,9353000
,,12830,1388,1664,Open,CAT A,700,6758000
7905,10054,15182,1745,2108,Covered,CAT B,730,4692000
5044,9458,12063,933,1121,Open,CAT A,940,5599000
8346,11640,12725,1764,2132,Covered,CAT C,920,4084000
5464,7752,11406,1675,2002,Open,CAT B,1050,6499000
7678,14228,14778,1688,2046,Open,CAT B,380,5355000
7205,9682,13179,1842,2204,No Parking,CAT C,930,5132000
8344,8916,11192,1316,1597,Not Provided,CAT C,980,3656000
6049,11589,10343,1440,1719,Covered,CAT B,580,6605000
10814,14071,17512,1760,2111,No Parking,CAT C,680,5240000
6390,10143,9685,1323,1571,Open,CAT C,850,2797000
2992,5718,5446,1230,1466,Open,CAT C,730,6710000
9363,13333,14529,1540,1838,Open,CAT C,570,4371000
8865,8515,12294,1167,1388,No Parking,CAT B,620,3860000
7127,8762,10749,1429,1695,Covered,CAT B,890,5389000
10670,10435,16607,1491,1770,Not Provided,CAT C,800,5261000
9172,14024,12540,1313,1574,Open,CAT B,920,4313000
9800,9133,13657,1609,1943,Open,CAT B,920,4030000
7998,12742,13303,1109,1342,Not Provided,CAT B,760,4975000
4068,7624,6764,1207,1440,No Parking,CAT B,500,4384000
10531,11054,15189,902,1087,Not Provided,CAT A,680,5682000
8588,13937,8728,1191,1422,Open,CAT C,770,3635000
9074,7556,12666,1335,1601,Open,CAT B,460,5082000
7073,14107,14781,1382,1660,No Parking,CAT A,1070,8372000
2756,5325,6808,1588,1906,Not Provided,CAT B,450,4697000
6756,5976,9051,1918,2284,No Parking,CAT B,310,7802000
7360,8950,13140,1484,1774,Not Provided,CAT B,880,4508000
6934,14287,12528,1334,1607,No Parking,CAT C,370,5516000
6569,13470,12541,1556,1846,No Parking,CAT A,760,7202000
6979,10242,10270,1784,2142,Covered,CAT B,950,6401000
5584,10514,11003,1244,1477,No Parking,CAT B,890,2784000
6750,11495,13016,1496,1787,Open,CAT C,800,5807000
10320,11719,14343,1719,2058,Covered,CAT B,700,5176000
8590,11229,12737,1678,2022,Open,CAT B,1050,6605000
5991,12588,12015,1247,1490,Open,CAT B,330,6575000
7056,10860,12856,1191,1421,Covered,CAT B,980,6582000
7765,7313,10302,1832,2208,Covered,CAT B,1090,4676000
7894,11648,10009,1271,1523,Not Provided,CAT A,1140,5094000
11999,12241,14575,1735,2084,Open,CAT A,820,5644000
8063,11923,12361,1627,1948,No Parking,CAT C,890,3261000
6493,14696,14315,1351,1616,Covered,CAT B,650,6277000
7669,10444,12941,1520,1817,Open,CAT A,850,6360000
4116,11266,11661,1490,1788,Covered,CAT C,360,4584000
4886,11166,11986,,2148,Covered,CAT B,1070,3297000
9089,9503,13179,1777,2117,Not Provided,CAT B,780,3828000
7996,6753,9959,1688,2037,Covered,CAT B,590,5096000
9916,12241,15485,1537,1836,No Parking,CAT C,670,3948000
10340,14340,17721,1622,1968,Covered,CAT C,340,6961000
6514,11008,11301,1148,1384,Open,CAT B,730,4780000
9175,12656,17442,1373,,Open,CAT B,770,5920000
8230,10705,11862,1001,1194,Covered,CAT C,1210,4489000
16850,15553,22407,1857,2236,No Parking,CAT A,1280,6742000
11014,10848,14405,1552,1869,Open,CAT A,710,7887000
8917,9699,11425,1700,2064,Not Provided,CAT A,940,7031000
9927,11760,12555,1554,1844,Not Provided,CAT C,670,3853000
9059,11486,11984,1482,1777,Open,CAT A,800,7757000
14005,9744,17121,1275,1517,Covered,CAT B,790,5992000
6427,13284,13775,1642,1981,Open,CAT C,720,5445000
6440,10689,13561,1381,1633,Not Provided,CAT C,1270,5025000
3167,9659,8682,1381,1634,Open,CAT B,930,3079000
5579,11928,11294,1057,1262,Open,CAT C,1490,3542000
5876,13703,7564,1192,1445,Covered,CAT B,810,4347000
11812,13363,17040,1601,1920,No Parking,CAT C,600,6100000
10881,13649,15717,1622,1968,Not Provided,CAT A,210,6478000
8790,10451,12621,,1653,Open,CAT B,1210,4297000
2314,8933,8231,1607,1909,Open,CAT C,460,3903000
9559,9796,13278,2214,2647,Open,CAT B,740,6590000
4113,12277,10937,1633,1936,Open,CAT B,1320,4605000
8836,10580,14360,1546,1845,No Parking,CAT B,760,5907000
9281,8825,11191,1475,1753,Not Provided,CAT B,920,4467000
10724,14028,16129,1270,1519,Not Provided,CAT A,920,5839000
9109,10436,11963,1185,1420,Open,CAT A,880,8037000
9684,11953,15162,1614,1938,Open,CAT B,1110,5323000
8363,11994,12873,1141,1353,Open,CAT A,1370,7200000
9021,11522,13615,1244,1481,Open,CAT A,410,8404000
7175,5750,12044,869,1050,Not Provided,CAT B,850,5254000
11897,12621,15693,2049,2465,Not Provided,CAT B,720,6351000
5266,6740,8531,1883,2262,No Parking,CAT B,570,4224000
9547,11233,13642,1526,1842,Open,CAT C,690,3958000
5277,9221,9414,1165,1390,No Parking,CAT B,1220,5461000
10453,11981,14868,1832,2185,Open,CAT A,840,8733000
6736,14813,14125,1723,2072,Covered,CAT A,560,8841000
1648,4950,6583,932,1138,Open,CAT B,820,8976000
3784,10365,9878,1137,1374,Covered,CAT A,700,10178000
11335,12652,15503,1231,1472,Open,CAT B,810,7029000
11826,16146,16532,1237,1512,Covered,CAT A,1070,8821000
10961,17111,15477,1371,1650,Covered,CAT A,540,8716000
7570,8829,12505,1767,2158,Open,CAT B,530,4154000
5738,8270,10242,1748,2092,Open,CAT B,580,4917000
6237,10793,12774,1212,1440,Open,CAT B,500,6395000
8081,9852,14028,1466,1743,Covered,CAT A,1200,7081000
6344,9442,14746,1152,1386,Open,CAT B,980,4959000
11139,11743,15206,1439,1703,Open,CAT B,1000,6729000
5451,16007,13025,,1704,Open,CAT A,900,6228000
7284,11172,13742,2026,2400,Not Provided,CAT C,720,5124000
6270,11440,9163,1772,2146,Open,CAT B,1030,4854000
2017,8473,9077,1511,1822,Open,CAT B,420,7241000
5908,10764,11187,1199,1461,Not Provided,CAT B,1070,5437000
8655,10639,14020,1834,2184,Covered,CAT A,830,9446000
13070,16770,19497,1143,1375,No Parking,CAT A,940,8516000
7348,6714,10920,1494,1794,Covered,CAT C,550,5213000
12951,12503,15166,1770,2131,Not Provided,CAT B,1140,5465000
5212,9235,9335,1455,1747,Open,CAT A,750,6932000
6177,6009,9642,1141,1372,Not Provided,CAT B,620,5148000
9374,13102,13706,1586,1886,Covered,CAT C,660,5006000
6967,12104,11007,1701,2034,No Parking,CAT A,660,6218000
10314,12431,12349,1860,2246,Open,CAT A,410,7978000
3543,7722,8175,1167,1406,Open,CAT C,440,4286000
3685,6787,8033,1424,1716,Open,CAT B,630,5441000
12580,14692,17517,1710,2053,Open,CAT B,730,6939000
8176,12223,14233,1408,1708,Not Provided,CAT B,220,4281000
9015,9628,12697,1517,1831,No Parking,CAT C,610,3084000
7002,8425,11450,1227,1476,Not Provided,CAT B,720,5626000
8272,8092,12626,1609,1930,Open,CAT B,740,7647000
9726,11935,15318,1553,1831,No Parking,CAT C,740,3568000
5572,13280,11351,1814,2174,Open,CAT A,770,9007000
10440,11464,15648,1240,1493,Open,CAT B,590,3312000
5189,9059,10863,1206,1437,No Parking,CAT A,1330,5406000
9935,15807,18595,1847,2186,Not Provided,CAT B,910,7512000
7300,12541,13715,1009,1202,No Parking,CAT C,330,4160000
4619,10768,11787,1624,1946,Covered,CAT C,870,2027000
10773,12323,16823,1612,1931,Open,CAT B,790,6006000
11124,8732,14790,1498,1805,Open,CAT A,1270,8227000
10489,12274,13086,946,1125,No Parking,CAT B,590,2917000
8270,14406,15231,1563,1872,No Parking,CAT A,1080,6842000
5985,12402,11559,1664,2016,Open,CAT B,830,5913000
4955,12586,14979,1619,1947,Covered,CAT A,910,7433000
9188,13997,14768,1433,1722,Open,CAT A,830,7708000
11801,11283,14728,1241,1489,Not Provided,CAT A,1380,7625000
9006,13952,14368,1429,1720,Open,CAT A,1180,5954000
9667,12214,14277,1241,1488,Not Provided,CAT A,770,5469000
3605,11017,12447,1078,1306,Not Provided,CAT A,680,8436000
8846,11995,12883,1690,2065,Not Provided,CAT B,910,5142000
6976,13119,13556,1289,1536,No Parking,CAT A,540,6512000
8050,11347,13218,1581,1894,No Parking,CAT C,760,4938000
5760,8577,9947,1608,1945,Not Provided,CAT B,760,3783000
11209,10016,14328,1344,1608,Open,CAT C,730,3598000
7739,13750,14696,1513,1804,Not Provided,CAT A,430,6919000
5761,7680,10875,1529,1839,Open,CAT B,1000,5059000
3702,7220,12065,1677,2014,Open,CAT A,660,6080000
7570,11481,13873,1015,1229,Not Provided,CAT C,930,3118000
7804,14219,12142,1438,1751,Open,CAT A,760,7779000
8283,11709,15284,1426,1718,No Parking,CAT C,370,4757000
8451,11465,12406,1412,1701,Not Provided,CAT A,630,6913000
6666,10531,12005,1622,1944,Covered,CAT A,360,7597000
12337,13653,15193,1503,1791,Open,CAT C,630,6835000
7188,12268,12783,1501,1789,Open,CAT C,670,4168000
10632,14276,13109,1971,2342,Covered,CAT B,690,8656000
11310,12783,15627,1383,1687,Open,CAT A,830,8139000
6745,5772,9747,1371,1635,Covered,CAT A,720,5073000
8645,10897,15845,1508,1823,No Parking,CAT A,520,7129000
6714,7862,10067,1057,1284,Open,CAT A,750,7011000
8351,11696,13422,1411,1680,Covered,CAT A,1070,6159000
7673,12311,13146,1466,1746,Covered,CAT C,590,6937000
9792,10755,15681,1545,1888,Covered,CAT B,600,6711000
11255,9174,16617,2044,2408,Not Provided,CAT B,380,8202000
8148,12093,13164,1887,2264,Not Provided,CAT C,830,6205000
8168,15365,15215,1505,1836,Open,CAT C,940,6173000
9545,9831,12811,1422,1722,Open,CAT C,560,5866000
7550,11193,13279,1564,1869,Covered,CAT B,1030,5337000
8707,14403,13703,1510,1810,No Parking,CAT C,730,3970000
5632,9765,9859,1568,1920,Not Provided,CAT C,890,5375000
4778,9811,11385,1933,2338,Not Provided,CAT B,1140,4473000
5222,8952,11776,1501,1822,No Parking,CAT B,590,4935000
10014,11682,13425,1593,1911,Open,CAT B,580,4334000
14637,15127,14763,1812,2189,No Parking,CAT A,310,7809000
7903,7881,11860,1580,1895,Open,CAT B,720,5495000
12359,13926,15304,1440,1749,Not Provided,CAT A,490,7553000
9751,10544,12888,1100,1331,No Parking,CAT B,1010,5733000
5947,8114,11272,1534,1841,Covered,CAT A,680,8793000
10809,12539,15552,1299,1555,Not Provided,CAT B,1020,5685000
12389,12020,17056,1767,2121,No Parking,CAT A,1050,7843000
5598,12246,10900,1368,1649,Not Provided,CAT B,740,6366000
5539,13503,11421,1393,1670,Covered,CAT A,410,6296000
10370,11615,14419,1327,1590,Open,CAT A,770,8187000
8128,14461,15753,1514,1794,Covered,CAT B,1400,5482000
7288,9560,12531,1989,2414,No Parking,CAT A,860,11632000
9823,13861,14579,1334,1584,Not Provided,CAT B,840,5720000
5351,6435,12231,1533,1817,Covered,CAT A,950,8436000
6685,10345,8646,1809,2145,Not Provided,CAT B,940,3653000
9329,11050,12306,1607,1933,Not Provided,CAT A,930,8126000
13823,16489,17178,1165,1387,Not Provided,CAT A,1060,8235000
7431,11293,10991,1193,1430,Covered,CAT A,560,8083000
8759,12879,13776,1709,2065,No Parking,CAT C,670,3061000
9420,13980,13290,1525,1839,No Parking,CAT B,540,5131000
7846,7486,12195,1348,1623,No Parking,CAT A,1010,7294000
,,7966,1345,1626,Open,CAT A,820,7821000
5038,14034,11450,1132,1366,Covered,CAT B,1340,5245000
5059,7402,10629,1667,2020,Not Provided,CAT A,980,6607000
8012,5276,11844,1427,1720,No Parking,CAT B,630,4319000
4079,8940,9831,1211,1447,Open,CAT B,1110,4073000
8406,12039,13144,1717,2048,Not Provided,CAT A,700,7853000
7408,9188,12475,1766,2111,No Parking,CAT A,580,9469000
7468,16525,15383,1086,1299,No Parking,CAT B,1050,4440000
10985,13935,16737,1410,1692,Open,CAT A,790,7380000
5481,13129,12275,1476,1760,Not Provided,CAT B,600,3739000
6750,10899,11479,1068,1278,Open,CAT A,440,6412000
5874,10389,8292,1485,1785,Not Provided,CAT A,1340,6616000
5627,13099,10068,1461,1739,Covered,CAT C,1250,2231000
3844,9029,8292,1685,2010,Open,CAT C,990,6238000
9209,10610,13222,1624,1958,Open,CAT A,290,6385000
7290,8691,10953,1658,2000,Not Provided,CAT C,350,3621000
8729,9922,11314,1427,1677,Not Provided,CAT B,210,5459000
8861,10181,15112,1755,2072,No Parking,CAT B,810,6961000
6497,12467,12711,1211,1472,Open,CAT B,790,6539000
4697,6004,10759,1591,1896,Open,CAT A,780,7813000
8503,6922,10746,1797,2126,Open,CAT B,730,5571000
12135,10244,15410,1519,1823,Open,CAT A,1040,6921000
8510,10041,13369,1637,1958,Open,CAT A,760,5994000
9597,10662,11556,1451,1750,Not Provided,CAT A,570,7255000
9175,11210,14991,1203,1446,Open,CAT B,620,4426000
5640,8331,12309,1884,2262,Open,CAT A,310,5691000
11607,14783,16502,1540,1820,Not Provided,CAT B,310,8239000
7384,9611,9463,1121,1332,Not Provided,CAT A,790,5459000
10847,12430,15104,1307,1562,No Parking,CAT A,490,6999000
4984,9442,11597,1475,1775,Covered,CAT B,230,7274000
5171,10686,12522,1160,1401,Open,CAT B,900,3536000
11232,10818,16408,1078,1276,Not Provided,CAT A,640,9437000
4229,7736,11164,1191,1436,Open,CAT B,840,4352000
10940,8714,12405,1317,1569,Covered,CAT C,780,3600000
8499,7295,13189,1548,1858,Not Provided,CAT A,480,9948000
9644,10754,13529,1560,1883,Open,CAT A,1040,8322000
6419,13341,9727,1297,1529,Covered,CAT B,870,5294000
10989,13153,13797,1645,1958,Covered,CAT B,530,9336000
13247,11126,16434,1225,1455,Open,CAT B,750,7359000
11487,12079,14156,1421,1704,Not Provided,CAT B,840,5384000
7015,10387,11876,1655,1956,Open,CAT B,800,4735000
8862,9304,14033,1615,1928,Covered,CAT A,660,6508000
7798,10244,11170,1872,2262,Open,CAT C,560,6205000
10300,11870,15364,1317,1581,Not Provided,CAT C,910,3002000
4101,13623,11261,1434,1729,No Parking,CAT B,480,4951000
10947,14084,16646,1791,2167,Open,CAT A,700,6432000
8701,8969,12290,932,1120,Covered,CAT B,660,3559000
5922,10858,11683,1609,1924,Covered,CAT C,1170,6305000
6868,11800,12496,1495,1793,Open,CAT B,1020,6530000
11041,11886,15799,1769,2153,Not Provided,CAT A,580,6956000
5913,7138,9401,1693,2032,Open,CAT C,610,4191000
10073,10474,13497,1247,1497,Open,CAT B,590,2833000
7091,9344,11297,1502,1815,No Parking,CAT C,190,5598000
11849,9005,14370,1360,1612,Open,CAT B,490,6108000
12973,15178,18836,1542,1844,Open,CAT B,680,5138000
7574,11711,15247,1631,1947,Open,CAT A,670,8441000
9085,12731,14181,1246,1482,Open,CAT B,1070,6068000
4301,11537,10992,1990,2384,Open,CAT B,1110,6469000
4203,7115,8579,967,1154,Open,CAT B,560,4578000
6753,14224,12767,1582,1894,Not Provided,CAT C,1100,4180000
7254,11059,14195,1430,1743,Open,CAT B,970,5323000
,,13717,1411,1684,Open,CAT B,1000,6713000
9173,11072,14919,1827,2160,No Parking,CAT B,930,3616000
6915,11441,13186,1118,1338,Open,CAT B,1040,4045000
9971,10233,16692,1766,2109,Open,CAT B,1120,5791000
9399,9367,15170,1799,2173,Not Provided,CAT C,910,3628000
10130,12675,16231,1167,1411,Not Provided,CAT C,440,3919000
8627,12260,14990,1493,1795,Not Provided,CAT B,530,6238000
10496,13162,14686,1445,1734,Open,CAT B,900,2147000
9258,9702,15077,1033,1237,Open,CAT C,740,3461000
6728,9506,13849,1440,1711,Covered,CAT A,1020,8812000
5262,9483,11328,1487,1773,Open,CAT B,970,5919000
7730,7539,12454,1854,2205,No Parking,CAT C,890,3629000
1241,6690,6422,1748,2086,Not Provided,CAT B,550,5376000
6093,7010,9201,1937,2310,Open,CAT A,520,6630000
8274,11673,13345,1641,1999,Covered,CAT B,950,9300000
10247,11917,14754,1659,1999,Covered,CAT A,650,6566000
4244,9371,7845,1743,2061,Open,CAT B,860,8193000
5097,4574,9365,1449,1733,Covered,CAT C,320,6006000
4917,7983,8409,1098,1309,No Parking,CAT A,860,5953000
6365,12640,13601,1121,1351,Open,CAT C,900,4638000
5951,9976,9312,1526,1858,Open,CAT A,550,7620000
8074,11854,13745,1358,1645,Not Provided,CAT C,770,5686000
8985,14620,15158,1336,1616,Open,CAT B,710,8662000
5217,9329,10885,1502,1802,No Parking,CAT B,840,4973000
8541,12045,14243,1534,1858,Open,CAT A,860,8837000
7067,10289,15577,1418,1699,No Parking,CAT B,870,4916000
5947,12991,10227,854,1018,Not Provided,CAT A,660,7774000
7374,11516,14480,1450,1728,Not Provided,CAT C,930,3856000
9404,11783,13882,1474,1776,No Parking,CAT A,1020,5199000
11446,12213,16569,1524,1819,Open,CAT C,1190,3997000
7805,9491,13544,1361,1638,Open,CAT B,1140,4604000
7684,7671,13192,1398,1683,Open,CAT B,490,4950000
7646,11556,12778,1085,1308,Open,CAT B,1170,7667000
8618,10717,12286,1660,1979,Covered,CAT C,480,7580000
8104,10396,15870,1648,2017,No Parking,CAT A,930,8172000
11243,10747,15220,1453,1749,Covered,CAT B,890,5844000
11436,11270,15073,1323,1591,Not Provided,CAT A,680,8572000
12794,11457,16229,1385,1643,No Parking,CAT C,740,7094000
12095,9405,14191,1250,1506,Covered,CAT B,990,6242000
9585,14223,15252,1389,1683,No Parking,CAT B,680,5688000
12262,12066,13268,1486,1758,Not Provided,CAT A,820,10182000
7376,12607,11282,1655,1993,Not Provided,CAT A,440,8689000
14470,14517,18178,1645,1963,Open,CAT C,900,4730000
10178,7223,14855,1464,1771,No Parking,CAT C,1080,3127000
10532,12849,17962,1197,1428,Not Provided,CAT B,830,6541000
,,11806,1467,1726,No Parking,CAT B,530,7503000
7089,11023,13672,1878,2264,Not Provided,CAT A,310,5420000
6944,12427,12710,1150,1378,Not Provided,CAT A,730,6739000
4937,9926,12712,1562,1881,Open,CAT B,740,5453000
9240,9365,13101,1596,1939,Not Provided,CAT A,960,7976000
8055,7191,12428,1119,1345,Not Provided,CAT A,790,7806000
8872,12192,14561,1116,1347,Open,CAT A,700,7408000
8284,13014,14525,1934,2349,Open,CAT C,750,5299000
6710,11558,12516,1299,1540,No Parking,CAT A,590,7058000
11033,9554,16471,1417,1689,No Parking,CAT C,570,3431000
8603,11358,12631,1235,1503,Covered,CAT A,660,7416000
8975,12811,15983,1497,1815,Not Provided,CAT B,700,5919000
5076,12426,13916,1430,1704,Not Provided,CAT C,1070,4337000
8016,11723,14084,1537,1877,Open,CAT C,660,1767000
10888,12334,13248,1444,1742,Covered,CAT B,840,5671000
11162,17227,15805,1477,1798,No Parking,CAT C,850,5982000
8221,10396,12215,1041,1246,Open,CAT C,600,3619000
,,,,,Open,CAT A,440,30000
3228,9427,8678,1226,1472,No Parking,CAT A,710,6044000
6477,12491,12168,1489,1783,Open,CAT A,450,7530000
5736,8874,9142,1549,1871,Covered,CAT B,740,7408000
7404,8906,8603,1073,1280,Open,CAT C,1240,6044000
3003,7425,8635,1473,1785,Open,CAT A,570,8072000
8912,8622,12611,2013,2396,Open,CAT C,580,4706000
4035,5870,10523,1975,2368,Covered,CAT A,450,8683000
8995,10230,13308,1561,1877,Covered,CAT A,790,5679000
5424,6768,10459,1427,1723,Not Provided,CAT A,1040,6709000
7223,14785,15856,1441,1747,Not Provided,CAT C,670,4437000
8130,11848,13787,1275,1548,Open,CAT A,370,8297000
9054,10247,13668,1574,1876,Not Provided,CAT A,620,5623000
8606,14626,14267,1511,1791,No Parking,CAT B,1010,5376000
10896,12078,13838,1428,1713,No Parking,CAT C,550,5539000
8085,14677,14071,1388,1672,Open,CAT A,800,7350000
8574,13442,14039,1057,1280,Covered,CAT C,610,4105000
7921,9155,13610,1440,1747,Covered,CAT B,1090,6732000
7929,13867,14846,1349,1610,Open,CAT B,700,6589000
12772,16247,17250,1536,1808,Open,CAT C,830,5638000
11719,11627,16141,2019,2420,Not Provided,CAT B,850,8567000
7256,6832,11747,1236,1508,Covered,CAT B,1260,7083000
8441,10093,13715,1436,1715,Open,CAT B,1030,4818000
8607,8125,10064,1862,2248,Not Provided,CAT B,1160,5191000
8598,5134,9461,1200,1442,Not Provided,CAT C,880,4432000
8952,10380,13594,1360,1650,No Parking,CAT A,420,5894000
10180,11465,14967,1722,2078,Open,CAT A,770,7361000
7613,12937,12438,1577,1902,No Parking,CAT C,910,5406000
8681,13158,15062,1850,2214,Covered,CAT A,1110,8500000
3286,10258,10623,1447,1730,Covered,CAT C,510,4903000
6233,11562,9659,1496,1800,Not Provided,CAT A,780,6330000
11977,9765,13321,1679,2008,Open,CAT A,790,8430000
8826,7816,15012,994,1194,Open,CAT A,1090,8139000
10410,13110,16559,1354,1635,Covered,CAT A,1270,9590000
12189,13518,17420,1762,,Covered,CAT A,790,8214000
9418,9913,14103,1597,1918,Open,CAT A,1260,7183000
8740,10899,13447,1873,2252,Covered,CAT C,330,7931000
9847,12288,15977,1218,1459,Open,CAT A,540,8789000
8339,9392,10785,1458,1746,Not Provided,CAT C,720,4861000
9721,10530,14692,1546,1860,Covered,CAT A,670,7316000
6988,11932,12292,1608,1962,Open,CAT B,770,3628000
4494,9538,10227,1822,2160,Open,CAT B,860,4972000
8216,11665,12694,1716,2038,Not Provided,CAT B,410,4440000
146,1666,3227,1072,1296,Open,CAT C,900,4759000
10550,15272,16738,1330,1604,Open,CAT C,480,5146000
4894,7778,11048,1588,1892,Open,CAT C,540,5775000
9154,10416,16288,1425,1733,Open,CAT B,760,6600000
7756,9038,10210,1778,2133,Open,CAT B,280,4595000
10662,12056,16089,1363,1630,Open,CAT C,1120,5390000
4385,7297,9569,1609,1928,Not Provided,CAT C,160,3792000
3284,7836,9240,1671,2024,Not Provided,CAT B,620,6310000
10593,10246,15143,1379,1636,No Parking,CAT C,440,3677000
12181,15244,16983,1218,1452,Covered,CAT C,870,4391000
5663,11526,9346,1724,2101,Open,CAT B,900,6639000
3800,8105,9028,986,1179,Not Provided,CAT B,710,5916000
6486,4644,9312,1330,1606,Covered,CAT C,590,3851000
7216,12943,12133,1437,1725,Open,CAT B,910,4622000
7873,11161,13081,1327,1609,Open,CAT C,1320,4150000
5536,12153,11937,1304,,Open,CAT C,530,3195000
4966,8278,11349,1651,2009,Open,CAT B,1000,5816000
8062,9702,13106,1211,1462,Not Provided,CAT B,670,3853000
5000,12943,14131,1916,2277,Covered,CAT B,610,5588000
9858,11997,16321,1638,1937,Open,CAT A,1050,7094000
9855,11962,15007,1172,1413,Open,CAT B,480,5394000
9997,12349,13043,1350,1606,Covered,CAT A,770,4303000
11090,10120,14193,1528,1843,Covered,CAT C,340,5982000
5925,9388,9735,1305,1557,Covered,CAT B,580,5550000
10071,12531,16707,1463,1751,Not Provided,CAT B,900,4999000
9755,13857,15011,1409,1727,No Parking,CAT B,700,4298000
7234,11952,14681,1419,1743,Not Provided,CAT A,860,6597000
6916,7956,11608,1535,1819,No Parking,CAT A,540,5929000
8487,13020,15515,1474,1745,Not Provided,CAT A,970,6302000
13354,13720,14403,919,1099,Open,CAT B,1560,7381000
7315,14823,12817,2067,2492,Not Provided,CAT C,790,7023000
11751,12708,15442,1977,2362,No Parking,CAT B,1020,5995000
6189,12084,11926,1293,1558,Open,CAT A,790,7810000
8572,9942,14479,1477,1790,Open,CAT C,880,1637000
11103,12451,17711,1582,1906,Covered,CAT A,550,9264000
11581,11561,15935,1481,1789,Not Provided,CAT B,550,6354000
10396,14997,15491,1214,1455,Covered,CAT A,950,8722000
7647,7118,8842,1206,1460,No Parking,CAT B,810,4199000
9866,10124,14776,1653,1982,Covered,CAT A,390,7941000
10191,9752,14157,1152,1393,Not Provided,CAT B,860,5438000
8320,11644,12967,1458,1757,Not Provided,CAT A,850,5860000
6096,8908,12009,1249,1510,Open,CAT B,660,4895000
6630,10006,10402,1939,2333,Not Provided,CAT B,830,4067000
6208,10158,11935,1591,1919,Not Provided,CAT B,640,5234000
5243,7079,8592,1180,1397,Open,CAT C,750,3914000
10208,12161,16663,1846,2195,Open,CAT C,1170,4109000
8475,8742,12781,780,951,Covered,CAT C,790,2560000
11805,13503,16890,1565,1854,Open,CAT A,900,10090000
11304,17958,19046,1648,1959,No Parking,CAT A,370,7708000
7767,13460,9901,1775,2104,Covered,CAT A,980,10515000
12834,11668,17029,1439,1732,Open,CAT A,1170,8058000
6171,5639,10068,1487,1776,Not Provided,CAT C,800,4623000
10172,12781,14850,1800,2158,Open,CAT A,1100,9826000
7821,14264,15354,1690,2024,Not Provided,CAT A,1070,7593000
11264,12005,13876,1209,1452,Open,CAT C,830,5205000
7124,11688,12853,1859,2222,Covered,CAT A,1210,8700000
4775,6455,7672,1691,2023,No Parking,CAT B,540,6027000
8650,11399,11434,1259,1493,Open,CAT A,100,8827000
7550,12641,14060,1771,2138,Not Provided,CAT B,820,5782000
8979,10075,13734,1205,1468,Open,CAT B,1210,6121000
9652,9102,12608,1792,2131,No Parking,CAT A,810,7642000
,,13077,1581,1889,Open,CAT C,970,6029000
8929,12396,12930,1263,1516,Covered,CAT A,780,7098000
9866,11461,15834,1344,1605,No Parking,CAT A,1160,7674000
10022,12911,16307,1819,2187,Not Provided,CAT B,590,4792000
6741,11479,11152,1357,1625,Open,CAT A,1140,5216000
10840,11137,15466,1396,1673,Open,CAT C,690,3274000
9205,10418,14496,1118,1337,Open,CAT A,560,7227000
9538,11551,12839,1655,1986,Covered,CAT B,1150,7743000
11786,13969,15519,1156,1398,Open,CAT A,140,9237000
9615,7904,12521,1451,1734,Open,CAT C,670,3488000
7176,5779,12382,1539,1829,Open,CAT B,650,4658000
10915,17486,15964,1549,1851,Not Provided,CAT C,1220,7062000
12176,8518,15673,1582,1910,Covered,CAT C,1080,6639000
7214,8717,10553,1387,1663,Open,CAT A,850,8208000
7423,11708,13220,1200,1436,Open,CAT A,1060,7644000
15082,14700,19617,1299,1560,Open,CAT B,770,9661000
9297,12537,14418,1174,1429,Covered,CAT C,1110,5434000
